order_id,txn_ref,order_date,order_amount,customer
order_200000,pay_100000,2026-08-01,28954.49,Allison Hill
order_200001,pay_100001,2026-08-18,33272.97,Noah Rhodes
order_200002,pay_100002,2026-08-07,1825.98,Angie Henderson
order_200003,pay_100003,2026-08-21,25475.41,Daniel Wagner
order_200004,pay_100004,2026-08-01,26722.32,Cristian Santos
order_200005,pay_100005,2026-08-11,7418.84,Connie Lawrence
order_200006,pay_100006,2026-08-12,16474.58,Abigail Shaffer
order_200007,pay_100007,2026-08-18,32973.06,Gina Moore
order_200008,pay_100008,2026-08-21,13546.43,Gabrielle Davis
order_200009,pay_100009,2026-08-02,31853.45,Ryan Munoz
order_200010,pay_100010,2026-08-13,39058.52,Monica Herrera
order_200011,pay_100011,2026-08-12,16735.03,Jamie Arnold
order_200012,pay_100012,2026-08-21,31731.0,Lisa Hensley
order_200013,pay_100013,2026-08-08,24269.22,Michele Williams
order_200014,pay_100014,2026-08-21,44533.79,Dylan Miller
order_200015,pay_100015,2026-08-02,38006.91,Brian Ramirez
order_200016,pay_100016,2026-08-03,18351.83,Holly Wood
order_200017,pay_100017,2026-08-21,14503.17,Derek Zuniga
order_200018,pay_100018,2026-08-05,6857.79,Lisa Jackson
order_200019,pay_100019,2026-08-14,33742.11,Carla Gray
order_200020,pay_100020,2026-08-05,44881.0,Margaret Hawkins DDS
order_200021,pay_100021,2026-08-04,2596.68,Patty Perez
order_200022,pay_100022,2026-08-03,19286.12,Ethan Adams
order_200023,pay_100023,2026-08-09,21328.22,Tommy Walter
order_200024,pay_100024,2026-08-18,5597.55,Matthew Foster
order_200025,pay_100025,2026-08-15,19847.05,Judy Baker
order_200026,pay_100026,2026-08-04,23091.83,Justin Baker
order_200027,pay_100027,2026-08-06,7301.35,Stephanie Ross
order_200028,pay_100028,2026-08-04,22242.95,Zachary Hicks
order_200029,pay_100029,2026-08-19,11218.79,Anthony Rodriguez
order_200030,pay_100030,2026-08-18,36813.03,Rebecca Henderson
order_200031,pay_100031,2026-08-06,42634.77,James Ferrell
order_200032,pay_100032,2026-08-07,19329.64,Tricia Valencia
order_200033,pay_100033,2026-08-21,18255.16,Nathan Maldonado
order_200034,pay_100034,2026-08-03,11531.8,Debra Davidson
order_200035,pay_100035,2026-08-08,10740.11,Jeffrey Chavez
order_200036,pay_100036,2026-08-03,3119.88,Sherri Baker
order_200037,pay_100037,2026-08-16,11091.21,Cassandra Gaines
order_200038,pay_100038,2026-08-19,42130.38,Elizabeth Fowler
order_200039,pay_100039,2026-08-14,21547.3,Brittany Farmer
order_200040,pay_100040,2026-08-14,19681.78,Paula Moreno
order_200041,pay_100041,2026-08-21,2910.62,Fred Smith
order_200042,pay_100042,2026-08-04,15598.97,Sherry Decker
order_200043,pay_100043,2026-08-14,20463.3,Anthony Humphrey
order_200044,pay_100044,2026-08-03,39414.62,Angelica Tucker
order_200045,pay_100045,2026-08-18,29520.45,Philip Cannon
order_200046,pay_100046,2026-08-16,7900.84,John Pierce
order_200047,pay_100047,2026-08-06,40658.71,Shane Henderson
order_200048,pay_100048,2026-08-15,41730.05,Joshua Blair
order_200049,pay_100049,2026-08-18,33007.49,Eric Carney
order_200050,pay_100050,2026-08-02,10187.69,Jessica Holmes
order_200051,pay_100051,2026-08-02,14455.41,Danny Morgan
order_200052,pay_100052,2026-08-06,38446.04,Crystal Robinson
order_200053,pay_100053,2026-08-20,8769.21,Mark Perez
order_200054,pay_100054,2026-08-19,42401.03,Shannon Jones
order_200055,pay_100055,2026-08-14,28062.48,Michael Lewis
order_200056,pay_100056,2026-08-07,42094.43,Timothy Duncan
order_200057,pay_100057,2026-08-21,6324.08,Richard Aguirre
order_200058,pay_100058,2026-08-03,33957.97,Brent Jordan
order_200059,pay_100059,2026-08-04,25553.22,John Daniel
order_200060,pay_100060,2026-08-12,12301.42,Victoria Garcia
order_200061,pay_100061,2026-08-18,7519.73,Gerald Hensley
